{
    "culture": "hu",
    "texts": {
      "Permission:DocumentManagement": "Dokumentum kezelés",
      "Permission:Projects": "Projektek",
      "Permission:Edit": "Szerkesztés",
      "Permission:Delete": "Törlés",
      "Permission:Create": "Létrehozás",
      "Permission:Documents": "Dokumentumok",
      "Menu:Documents": "Dokumentumok",
      "Menu:DocumentManagement": "Dokumentumok",
      "Menu:ProjectManagement": "Projektek",
      "CreateANewProject": "Új projekt létrehozása",
      "Edit": "Szerkesztés",
      "Create": "Létrehozás",
      "Pull": "Pull",
      "Projects": "Projektek",
      "Name": "Név",
      "ShortName": "Rövid név",
      "DocumentStoreType": "Dokumentumtároló típus",
      "Format": "Formátum",
      "ShortNameInfoText": "Használjon egyedi URL-t.",
      "DisplayName:Name": "Név",
      "DisplayName:ShortName": "Rövid név",
      "DisplayName:Format": "Formátum",
      "DisplayName:DefaultDocumentName": "Alapértlemezett dokumentum név",
      "DisplayName:NavigationDocumentName": "Navigációs dokumentum neve",
      "DisplayName:MinimumVersion": "Minimális verzió",
      "DisplayName:MainWebsiteUrl": "A fő webhely URL-je",
      "DisplayName:LatestVersionBranchName": "Az utolsó verzió branch neve",
      "DisplayName:GitHubRootUrl": "GitHub root URL",
      "DisplayName:GitHubAccessToken": "GitHub access token",
      "DisplayName:GitHubUserAgent": "GitHub user agent",
      "DisplayName:GithubVersionProviderSource": "GitHub version provider source",
      "DisplayName:VersionBranchPrefix": "Version branch prefix",
      "DisplayName:All": "Pull all",
      "DisplayName:LanguageCode": "Nyelv kódja",
      "DisplayName:Version": "Verzió",
      "Documents": "Dokumentumok",
      "RemoveFromCache": "Távolítsa el a gyorsítótárból",
      "Reindex": "Újraindexálás",
      "ReindexCompleted": "Újraindexálás teljes.",
      "RemovedFromCache": "Távolítsa el a gyorsítótárból",
      "RemoveFromCacheConfirmation": "Biztosan eltávolítja ezt az elemet a gyorsítótárból?",
      "ReIndexDocumentConfirmation": "Biztosan újraindexeli ezt az elemet?",
      "DeleteDocumentFromDbConfirmation": "Biztosan törli ezt az elemet az adatbázisból?",
      "DeleteFromDatabase": "Törlés az adatbázisból",
      "Deleted": "Törölt",
      "Search": "Keresés",
      "StartDate": "Indulási dátum",
      "EndDate": "Befejezés dátuma",
      "CreationTime": "Létrehozás ideje",
      "LastUpdateTime": "Utolsó módosítás ideje",
      "LastSignificantUpdateTime": "Utolsó jelentős frissítés",
      "Version": "Verzió",
      "LanguageCode": "Nyelv kódja",
      "FileName": "Filenév",
      "LastCachedTime": "Cache idő"
    }
  }
  