{
  "culture": "tr",
  "texts": {
    "Permission:DocumentManagement": "Döküman yönetimi",
    "Permission:Projects": "Projeler",
    "Permission:Edit": "Düzenle",
    "Permission:Delete": "Sil",
    "Permission:Create": "Oluştur",
    "Permission:Documents": "Döküman",
    "Menu:Documents": "Dokümanlar",
    "Menu:DocumentManagement": "Dökümanlar",
    "Menu:ProjectManagement": "Projeler",
    "CreateANewProject": "Yeni proje oluştur",
    "Edit": "Düzenle",
    "Create": "Yeni oluştur",
    "Pull": "çekme",
    "Projects": "Projeler",
    "Name": "İsim",
    "ShortName": "Kısa isim",
    "DocumentStoreType": "Döküman saklama tipi",
    "Format": "Format",
    "ShortNameInfoText": "URL oluştururken kullanılacak.",
    "DisplayName:Name": "Adı",
    "DisplayName:ShortName": "Kısa adı",
    "DisplayName:Format": "Format",
    "DisplayName:DefaultDocumentName": "Varsayılan döküman adı",
    "DisplayName:NavigationDocumentName": "Navigasyon dökümanı adı",
    "DisplayName:MinimumVersion": "Minimum versiyon",
    "DisplayName:MainWebsiteUrl": "Ana web site URL",
    "DisplayName:LatestVersionBranchName": "Son versiyon Branch adı",
    "DisplayName:GitHubRootUrl": "GitHub kök adresi",
    "DisplayName:GitHubAccessToken": "GitHub erişim token",
    "DisplayName:GitHubUserAgent": "GitHub kullanıcı temsilcisi",
    "DisplayName:GithubVersionProviderSource": "GitHub sürüm sağlayıcı kaynağı",
    "DisplayName:VersionBranchPrefix": "Sürüm dalı öneki",
    "DisplayName:All": "Çekme bütün",
    "DisplayName:LanguageCode": "Dil kodu",
    "DisplayName:Version": "versiyon",
    "Documents": "Dokümanlar",
    "RemoveFromCache": "Önbellekten kaldır",
    "Reindex": "Yeniden İndeksle",
    "ReindexCompleted": "Yeniden indeksleme tamamlandı",
    "RemovedFromCache": "Önbellekten kaldırıldı",
    "RemoveFromCacheConfirmation": "Bu maddeyi önbellekten kaldırmak istediğiniz emin misiniz?",
    "ReIndexDocumentConfirmation": "Bu maddeyi yeniden indekslemek istediğinize emin misiniz?",
    "DeleteFromDatabase": "Veritabanından sil",
    "Deleted": "Silindi",
    "Search": "Arama",
    "StartDate": "Başlangıç tarihi",
    "EndDate": "Bitiş tarihi",
    "CreationTime": "oluşturma zamanı",
    "LastUpdateTime": "Son Güncelleme",
    "LastSignificantUpdateTime": "Son önemli güncelleme",
    "Version": "sürüm",
    "LanguageCode": "Dil kodu",
    "FileName": "Dosya adı",
    "LastCachedTime": "Önbellek süresi"
  }
}