{
  "culture": "ru",
  "texts": {
    "UserName": "Имя пользователя",
    "EmailAddress": "Адрес электронной почты",
    "UserNameOrEmailAddress": "Имя пользователя или адрес электронной почты",
    "Password": "Пароль",
    "RememberMe": "Запомнить меня",
    "UseAnotherServiceToLogin": "Использовать сторонний сервис для входа",
    "UserLockedOutMessage": "Пользователь заблокирован из-за большого количества попыток входа. Пожалуйста, попробуйте позднее.",
    "InvalidUserNameOrPassword": "Неправильные имя пользователя и/или пароль!",
    "LoginIsNotAllowed": "Вам не разрешено входить в систему! Ваша учетная запись неактивна или вам необходимо подтвердить адрес электронной почты/номер телефона.",
    "SelfRegistrationDisabledMessage": "Самостоятельная регистрация не предусмотрена. Пожалуйста, свяжитесь с администраром для получения доступа.",
    "LocalLoginDisabledMessage": "Локальный вход отключен.",
    "Login": "Войти",
    "Cancel": "Отмена",
    "Register": "Регистрация",
    "AreYouANewUser": "Новый пользователь?",
    "AlreadyRegistered": "Уже зарегистрированы?",
    "InvalidLoginRequest": "Неправильный запрос",
    "ThereAreNoLoginSchemesConfiguredForThisClient": "Не найдено схемы для входа с текущим клиентским приложением.",
    "LogInUsingYourProviderAccount": "Войти использую свой {0} аккаунт",
    "DisplayName:CurrentPassword": "Текущий пароль",
    "DisplayName:NewPassword": "Новый пароль",
    "DisplayName:NewPasswordConfirm": "Повторите новый пароль",
    "PasswordChangedMessage": "Ваш пароль успешно изменен.",
    "DisplayName:UserName": "Имя пользователя",
    "DisplayName:Email": "Email",
    "DisplayName:Name": "Имя",
    "DisplayName:Surname": "Фамилия",
    "DisplayName:Password": "Пароль",
    "DisplayName:EmailAddress": "Электронная почта",
    "DisplayName:PhoneNumber": "Номер телефона",
    "PersonalSettings": "Персональные настройки",
    "PersonalSettingsSaved": "Персональные настройки сохранены",
    "PasswordChanged": "Пароль изменен",
    "NewPasswordConfirmFailed": "Пожалуйста подтвердите новый пароль.",
    "Manage": "Управление учетной записью",
    "MyAccount": "Мой аккаунт",
    "DisplayName:Abp.Account.IsSelfRegistrationEnabled": "Самостоятельная регистрация включена",
    "Description:Abp.Account.IsSelfRegistrationEnabled": "Позволяет новым пользователям регистрироваться самостоятельно.",
    "DisplayName:Abp.Account.EnableLocalLogin": "Вход с помощью локальной учетной записи приложения",
    "Description:Abp.Account.EnableLocalLogin": "Указывает на то, разрешено ли пользователям входить с помощью локальной учетной записи приложения.",
    "LoggedOutTitle": "Вышли",
    "LoggedOutText": "Вы вышли из системы и скоро будете перенаправлены.",
    "ReturnToText": "Щелкните здесь, чтобы вернуться в приложение",
    "OrLoginWith": "Или войдите с помощью:",
    "ForgotPassword": "забыл пароль?",
    "SendPasswordResetLink_Information": "На вашу электронную почту будет отправлена ссылка для сброса пароля. Если вы не получите письмо в течение нескольких минут, повторите попытку.",
    "PasswordResetMailSentMessage": "Письмо для восстановления учетной записи отправлено на ваш адрес электронной почты. Если вы не видите это письмо в своем почтовом ящике в течение 15 минут, поищите его в папке нежелательной почты. Если вы найдете его там, отметьте его как «Не мусор».",
    "ResetPassword": "Сброс пароля",
    "ConfirmPassword": "Подтвердите (повторите) пароль",
    "ResetPassword_Information": "Пожалуйста, введите ваш новый пароль.",
    "YourPasswordIsSuccessfullyReset": "Ваш пароль успешно сброшен.",
    "GoToTheApplication": "Зайти в приложение",
    "BackToLogin": "Вернуться на страницу входа",
    "ProfileTab:Password": "Измени пароль",
    "ProfileTab:PersonalInfo": "Личная информация",
    "ReturnToApplication": "Вернуться к заявке",
    "Volo.Account:InvalidEmailAddress": "Не удается найти указанный адрес электронной почты: {0}",
    "PasswordReset": "Восстановление пароля",
    "PasswordResetInfoInEmail": "Мы получили запрос на восстановление аккаунта! Если вы инициировали этот запрос, щелкните следующую ссылку, чтобы сбросить пароль.",
    "ResetMyPassword": "Сбросить пароль",
    "AccessDenied": "В доступе отказано!",
    "AccessDeniedMessage": "У вас нет доступа к этому ресурсу."
  }
}