{
  "culture": "is",
  "texts": {
    "Documents": "Skjöl",
    "BackToWebsite": "Aftur á vefsíðu",
    "Contributors": "Þátttakendur",
    "ShareOn": "Deila á",
    "Version": "Útgáfa",
    "Edit": "Breyta",
    "LastEditTime": "Seinast breytt",
    "Delete": "Eyða",
    "ClearCache": "Hreinsa skyndiminni",
    "ClearCacheConfirmationMessage": "Ertu viss um að þú eyðir öllum skyndiminni fyrir verkefnið \"{0}\"",
    "ReIndexAllProjects": "Endurindexa öll verkefni",
    "ReIndexProject": "Endurindexa verkefni",
    "ReIndexProjectConfirmationMessage": "Ertu viss um að þú viljir endurindexa verkefnið \"{0}\"",
    "SuccessfullyReIndexProject": "Endurindexun fyrir verkefni tókst \"{0}\"",
    "ReIndexAllProjectConfirmationMessage": "Ertu viss um að endurindexa öll verkefni?",
    "SuccessfullyReIndexAllProject": "Endurindexun fyrir öll verkefni tókst",
    "InThisDocument": "Í þessu skjali",
    "GoToTop": "Fara efst upp",
    "Projects": "Verkefni(n)",
    "NoProjectWarning": "Það eru engin verkefni ennþá!",
    "DocumentNotFound": "Úbbs, umbeðið skjal fannst ekki!",
    "ProjectNotFound": "Úbbs, umbeðið verkefni fannst ekki!",
    "NavigationDocumentNotFound": "Þessi útgáfa er ekki með siglingarskjal!",
    "DocumentNotFoundInSelectedLanguage": "Skjal á tungumálinu sem þú vildir finnst ekki. Skjal á sjálfgefna tungumálinu er sýnt.",
    "FilterTopics": "Sía eftir efni",
    "FullSearch": "Leita í öllum skjölum",
    "Volo.Docs.Domain:010001": "Teygjanleg leit er ekki virkjuð.",
    "MultipleVersionDocumentInfo": "Þetta skjal er með margar útgáfur. Veldu þá valkosti sem henta þér best.",
    "New": "Nýtt",
    "Upd": "Upd",
    "NewExplanation": "Búið til á síðustu tveimur vikum.",
    "UpdatedExplanation": "Uppfært síðustu tvær vikur.",
    "Volo.Docs.Domain:010002": "Skammnefni {ShortName} er þegar til. “",
    "Preview": "forskoðun",
    "Search": "Leit",
    "SearchResults": "Leitar niðurstöður"
  }
}