{
  "culture": "pt-BR",
  "texts": {
    "Documents": "Documentos",
    "BackToWebsite": "Voltar para o site",
    "Contributors": "Contribuidores",
    "ShareOn": "Compartilhar em",
    "Version": "Versão",
    "Edit": "Editar",
    "LastEditTime": "Última edição",
    "Delete": "Excluir",
    "ClearCache": "Limpar cache",
    "ClearCacheConfirmationMessage": "Tem certeza que deseja limpar todos os caches do projeto \"{0}\"",
    "ReIndexAllProjects": "ReIndexar todos os projetos",
    "ReIndexProject": "Projeto ReIndex",
    "ReIndexProjectConfirmationMessage": "Tem certeza que deseja reindexar para o projeto \"{0}\"",
    "SuccessfullyReIndexProject": "Reindexado com sucesso: \"{0}\"",
    "ReIndexAllProjectConfirmationMessage": "Tem certeza de que deseja reindexar todos os projetos?",
    "SuccessfullyReIndexAllProject": "Todos os projetos foram reindexados com sucesso",
    "InThisDocument": "Neste documento",
    "GoToTop": "Ir pra o topo",
    "Projects": "Projeto(s)",
    "NoProjectWarning": "Ainda não há projetos!",
    "DocumentNotFound": "Oops, o documento solicitado não foi encontrado",
    "ProjectNotFound": "Ops, o projeto solicitado não foi encontrado!",
    "NavigationDocumentNotFound": "Esta versão não possui um documento de navegação!",
    "DocumentNotFoundInSelectedLanguage": "Documento no idioma desejado não foi encontrado. Documento no idioma padrão será mostrado.",
    "FilterTopics": "Filtrar tópicos",
    "FullSearch": "Pesquisa em documentos",
    "Volo.Docs.Domain:010001": "A pesquisa elástica não está ativada.",
    "MultipleVersionDocumentInfo": "Este documento possui várias versões. Selecione as opções mais adequadas para você.",
    "New": "Novo",
    "Upd": "Upd",
    "NewExplanation": "Criado nas últimas duas semanas.",
    "UpdatedExplanation": "Atualizado nas últimas duas semanas.",
    "Volo.Docs.Domain:010002": "ShortName {ShortName} já existe.",
    "Preview": "antevisão",
    "Search": "Procurar",
    "SearchResults": "Procurar Resultados"
  }
}