{
  "culture": "ru",
  "texts": {
    "Documents": "Документы",
    "BackToWebsite": "Вернуться на сайт",
    "Contributors": "Авторы",
    "ShareOn": "Поделись",
    "Version": "Версия",
    "Edit": "Редактировать",
    "LastEditTime": "Последнее редактирование",
    "Delete": "Удалить",
    "ClearCache": "Очистить кэш",
    "ClearCacheConfirmationMessage": "Вы уверены, что очистили все кеши для проекта \"{0}\"",
    "ReIndexAllProjects": "Переиндексировать все проекты",
    "ReIndexProject": "ReIndex проект",
    "ReIndexProjectConfirmationMessage": "Вы действительно хотите выполнить повторную индексацию для проекта \"{0}\"",
    "SuccessfullyReIndexProject": "Успешно переиндексировано: \"{0}\"",
    "ReIndexAllProjectConfirmationMessage": "Вы уверены, что переиндексируете весь проект?",
    "SuccessfullyReIndexAllProject": "Успешно переиндексированы все проекты",
    "InThisDocument": "В этом документе",
    "GoToTop": "Наверх",
    "Projects": "Проект (ы)",
    "NoProjectWarning": "Пока нет проектов!",
    "DocumentNotFound": "К сожалению, запрошенный документ не найден!",
    "ProjectNotFound": "К сожалению, запрошенный проект не найден!",
    "NavigationDocumentNotFound": "В этой версии нет навигационного документа!",
    "DocumentNotFoundInSelectedLanguage": "Документ на желаемом языке не найден. Отображается документ на языке по умолчанию.",
    "FilterTopics": "Фильтровать темы",
    "FullSearch": "Искать в документах",
    "Volo.Docs.Domain:010001": "Эластичный поиск не включен.",
    "MultipleVersionDocumentInfo": "У этого документа есть несколько версий. Выберите наиболее подходящие для вас варианты.",
    "New": "Новый",
    "Upd": "Upd",
    "NewExplanation": "Создано за последние две недели.",
    "UpdatedExplanation": "Обновлено за последние две недели.",
    "Volo.Docs.Domain:010002": "ShortName {ShortName} уже существует.",
    "Preview": "предварительный просмотр",
    "Search": "Поиск",
    "SearchResults": "результаты поиска"
  }
}