{
  "culture": "sk",
  "texts": {
    "Documents": "Dokumenty",
    "BackToWebsite": "Späť na webovú stránku",
    "Contributors": "Prispievatelia",
    "ShareOn": "Zdieľať na",
    "Version": "Verzia",
    "Edit": "Upraviť",
    "LastEditTime": "Posledná úprava",
    "Delete": "Zmazať",
    "ClearCache": "Vyčistiť vyrovnávaciu pamäť",
    "ClearCacheConfirmationMessage": "Určite chcete vyčistiť celú vyrovnávaciu pamäť pre projekt \"{0}\"",
    "ReIndexAllProjects": "Reindexovať všetky projekty",
    "ReIndexProject": "Reindexovať projekt",
    "ReIndexProjectConfirmationMessage": "Ste si istý, že chcete reindexovať projekt \"{0}\"",
    "SuccessfullyReIndexProject": "Projekt \"{0}\" úspešne reindexovaný",
    "ReIndexAllProjectConfirmationMessage": "Ste si istý, že chcete reindexovať celý projekt?",
    "SuccessfullyReIndexAllProject": "Úspešne reindexované všetky projekty",
    "InThisDocument": "V tomto dokumente",
    "GoToTop": "Prejsť na začiatok",
    "Projects": "Projekt(y)",
    "NoProjectWarning": "Zatiaľ tu nie sú žiadne projekty!",
    "DocumentNotFound": "Ups, požadovaný dokument nebol nájdený!",
    "ProjectNotFound": "Ups, požadovaný projekt nebol nájdený!",
    "NavigationDocumentNotFound": "Táto verzia nemá navigačný dokument!",
    "DocumentNotFoundInSelectedLanguage": "Dokument v požadovanom jazyku sa nenašiel. Zobrazil sa dokument v predvolenom jazyku.",
    "FilterTopics": "Filtrovať témy",
    "FullSearch": "Vyhľadať v dokumentoch",
    "Volo.Docs.Domain:010001": "Elastic vyhľadávanie nie je povolené.",
    "MultipleVersionDocumentInfo": "Tento dokument má viacero verzií. Vyberte si možnosť, ktorá vám vyhovuje najviac.",
    "New": "Nový",
    "Upd": "Upd",
    "NewExplanation": "Vytvorené za posledné dva týždne.",
    "UpdatedExplanation": "Aktualizované za posledné dva týždne.",
    "Volo.Docs.Domain:010002": "ShortName {ShortName} už existuje.",
    "Preview": "náhľad",
    "Search": "Vyhľadať",
    "SearchResults": "Výsledky vyhľadávania"
  }
}