{
  "culture": "sl",
  "texts": {
    "Documents": "Dokumenti",
    "BackToWebsite": "Nazaj na spletno stran",
    "Contributors": "Sodelujoči",
    "ShareOn": "Deli na",
    "Version": "Verzija",
    "Edit": "Uredi",
    "LastEditTime": "Zadnje urejanje",
    "Delete": "Izbriši",
    "ClearCache": "Počistiti začasni pomnilnik",
    "ClearCacheConfirmationMessage": "Ali ste prepričani, da ste počistili vse predpomnilnike za projekt \"{0}\"",
    "ReIndexAllProjects": "Ponovno indeksirajte vse projekte",
    "ReIndexProject": "Projekt ReIndex",
    "ReIndexProjectConfirmationMessage": "Ali ste prepričani, da boste ponovno indeksirali za projekt \"{0}\"",
    "SuccessfullyReIndexProject": "Uspešno ponovno indeksirano: \"{0}\"",
    "ReIndexAllProjectConfirmationMessage": "Ali ste prepričani, da boste ponovno indeksirali ves projekt?",
    "SuccessfullyReIndexAllProject": "Vsi projekti so bili uspešno ponovno indeksirani",
    "InThisDocument": "V tem dokumentu",
    "GoToTop": "Pojdi na vrh",
    "Projects": "Projekt(i)",
    "NoProjectWarning": "Ni še nobenega projekta!",
    "DocumentNotFound": "Ups, zahtevanega dokumenta ni bilo mogoče najti!",
    "ProjectNotFound": "Ups, zahtevanega projekta ni bilo mogoče najti!",
    "NavigationDocumentNotFound": "Ta verzija nima navigacijskega dokumenta!",
    "DocumentNotFoundInSelectedLanguage": "Dokumenta v želenem jeziku ni mogoče najti. Prikazan je dokument v privzetem jeziku.",
    "FilterTopics": "Filtriraj teme",
    "FullSearch": "Išči v dokumentih",
    "Volo.Docs.Domain:010001": "Elastično iskanje ni omogočeno.",
    "MultipleVersionDocumentInfo": "Ta dokument ima več verzij. Izberite možnosti, ki so najprimernejše.",
    "New": "Nov",
    "Upd": "Posod.",
    "NewExplanation": "Ustvarjeno v zadnjih dveh tednih.",
    "UpdatedExplanation": "Posodobljeno v zadnjih dveh tednih.",
    "Volo.Docs.Domain:010002": "ShortName {ShortName} že obstaja.",
    "Preview": "predogled",
    "Search": "Iskanje",
    "SearchResults": "Rezultati iskanja"
  }
}