{
  "name": "Volo.Abp.Account.Application",
  "hash": "eb283517052ec33d13b82f6b1aa9addb",
  "contents": [
    {
      "namespace": "Volo.Abp.Account",
      "contentType": "abpModule",
      "name": "AbpAccountApplicationModule"
    },
    {
      "namespace": "Volo.Abp.Account",
      "summary": null,
      "implementingInterfaces": [
        "Volo.Abp.Account.IAccountAppService"
      ],
      "contentType": "applicationService",
      "name": "AccountAppService"
    },
    {
      "namespace": "Volo.Abp.Account",
      "summary": null,
      "implementingInterfaces": [
        "Volo.Abp.Account.IProfileAppService"
      ],
      "contentType": "applicationService",
      "name": "ProfileAppService"
    },
    {
      "defaultValue": "true",
      "displayName": "Is self-registration enabled",
      "description": "Whether a user can register the account by him or herself.",
      "isVisibleToClient": true,
      "isInherited": true,
      "isEncrypted": false,
      "contentType": "setting",
      "name": "Abp.Account.IsSelfRegistrationEnabled"
    },
    {
      "defaultValue": "true",
      "displayName": "Authenticate with a local account",
      "description": "Indicates if the server will allow users to authenticate with a local account.",
      "isVisibleToClient": true,
      "isInherited": true,
      "isEncrypted": false,
      "contentType": "setting",
      "name": "Abp.Account.EnableLocalLogin"
    }
  ]
}