{
  "culture": "zh-Hans",
  "texts": {
    "Menu:TenantManagement": "租户管理",
    "Tenants": "租户",
    "NewTenant": "新租户",
    "TenantName": "租户名称",
    "DisplayName:TenantName": "租户名称",
    "TenantDeletionConfirmationMessage": "租户 '{0}' 将被删除. 你确定吗?",
    "ConnectionStrings": "连接字符串",
    "DisplayName:DefaultConnectionString": "默认连接字符串",
    "DisplayName:UseSharedDatabase": "使用共享数据库",
    "ManageHostFeatures": "管理Host特性",
    "Permission:TenantManagement": "租户管理",
    "Permission:Create": "创建",
    "Permission:Edit": "编辑",
    "Permission:Delete": "删除",
    "Permission:ManageConnectionStrings": "管理连接字符串",
    "Permission:ManageFeatures": "管理功能",
    "DisplayName:AdminEmailAddress": "管理员电子邮件地址",
    "DisplayName:AdminPassword": "管理员密码"
  }
}