{
  "culture": "vi",
  "texts": {
    "Menu:IdentityManagement": "Quản lý danh tính",
    "Users": "Người dùng",
    "NewUser": "Tạo người dùng mới",
    "UserName": "Tên đăng nhập",
    "EmailAddress": "Địa chỉ email",
    "PhoneNumber": "Số điện thoại",
    "UserInformations": "Thông tin người dùng",
    "DisplayName:IsDefault": "Mặc định",
    "DisplayName:IsStatic": "Cố định",
    "DisplayName:IsPublic": "Công khai",
    "Roles": "Vai trò",
    "Password": "Mật khẩu",
    "PersonalInfo": "Thông tin của tôi",
    "PersonalSettings": "Thiết lập cá nhân",
    "UserDeletionConfirmationMessage": "Người '{0}' sẽ bị xóa. Bạn có xác nhận điều này không?",
    "RoleDeletionConfirmationMessage": "vai trò '{0}' sẽ bị xóa. Bạn có xác nhận điều này không?",
    "DisplayName:RoleName": "Tên vai trò",
    "DisplayName:UserName": "Tên người dùng",
    "DisplayName:Name": "Tên",
    "DisplayName:Surname": "Họ",
    "DisplayName:Password": "mật khẩu",
    "DisplayName:Email": "Địa chỉ email",
    "DisplayName:PhoneNumber": "Số điện thoại",
    "DisplayName:TwoFactorEnabled": "Xác thực hai yếu tố",
    "DisplayName:IsActive": "Tích cực",
    "DisplayName:LockoutEnabled": "Khóa tài khoản sau những lần đăng nhập thất bại",
    "NewRole": "Vai trò mới",
    "RoleName": "Tên vai trò",
    "CreationTime": "Thời gian tạo",
    "Permissions": "Quyền",
    "DisplayName:CurrentPassword": "Mật khẩu hiện tại",
    "DisplayName:NewPassword": "Mật khẩu mới",
    "DisplayName:NewPasswordConfirm": "Xác nhận mật khẩu",
    "PasswordChangedMessage": "Mật khẩu của bạn đã được thay đổi thành công.",
    "PersonalSettingsSavedMessage": "Thiết lập của bạn đã được lưu lại thành công.",
    "Volo.Abp.Identity:DefaultError": "Một thất bại chưa biết đã xảy ra.",
    "Volo.Abp.Identity:ConcurrencyFailure": "Thất bại đồng thời lạc quan, đối tượng đã được sửa đổi.",
    "Volo.Abp.Identity:DuplicateEmail": "Email '{0}' đã được sử dụng.",
    "Volo.Abp.Identity:DuplicateRoleName": "Tên vài trò '{0}' đã được sử dụng.",
    "Volo.Abp.Identity:DuplicateUserName": "User name '{0}' đã được sử dụng.",
    "Volo.Abp.Identity:InvalidEmail": "Email '{0}' Không hợp lệ.",
    "Volo.Abp.Identity:InvalidPasswordHasherCompatibilityMode": "PasswordHasherCompatibilityMode được cung cấp không hợp lệ.",
    "Volo.Abp.Identity:InvalidPasswordHasherIterationCount": "Số lần lặp phải là số nguyên dương.",
    "Volo.Abp.Identity:InvalidRoleName": "Tên người dùng '{0}' Không hợp lệ.",
    "Volo.Abp.Identity:InvalidToken": "Token không hợp lệ.",
    "Volo.Abp.Identity:InvalidUserName": "Tên người dùng '{0}' không hợp lệ, chỉ có thể chứa chữ cái hoặc chữ số.",
    "Volo.Abp.Identity:LoginAlreadyAssociated": "Một người dùng có thông tin đăng nhập này đã tồn tại.",
    "Volo.Abp.Identity:PasswordMismatch": "Mật khẩu không đúng.",
    "Volo.Abp.Identity:PasswordRequiresDigit": "Mật khẩu phải có ít nhất một chữ số ('0'-'9').",
    "Volo.Abp.Identity:PasswordRequiresLower": "Mật khẩu phải có ít nhất một chữ thường ('a'-'z').",
    "Volo.Abp.Identity:PasswordRequiresNonAlphanumeric": "Mật khẩu phải có ít nhất một ký tự không phải là chữ và số.",
    "Volo.Abp.Identity:PasswordRequiresUpper": "Mật khẩu phải có ít nhất một chữ hoa ('A'-'Z').",
    "Volo.Abp.Identity:PasswordTooShort": "Mật khẩu phải ít nhất {0} kí tự.",
    "Volo.Abp.Identity:RoleNotFound": "Vai trò {0} không tồn tại.",
    "Volo.Abp.Identity:UserAlreadyHasPassword": "Người dùng đã có một mật khẩu.",
    "Volo.Abp.Identity:UserAlreadyInRole": "Người dùng đã có vai trò '{0}'.",
    "Volo.Abp.Identity:UserLockedOut": "Người dùng bị khóa.",
    "Volo.Abp.Identity:UserLockoutNotEnabled": "Khóa không được kích hoạt cho người dùng này.",
    "Volo.Abp.Identity:UserNameNotFound": "Người dùng {0} không tồn tại.",
    "Volo.Abp.Identity:UserNotInRole": "Người dùng không có vai trò '{0}'.",
    "Volo.Abp.Identity:PasswordConfirmationFailed": "Mật khẩu không khớp với mật khẩu xác nhận.",
    "Volo.Abp.Identity:010001": "Bạn không thể xóa tài khoản của riêng bạn!",
    "Volo.Abp.Identity:010002": "Không thể đặt nhiều hơn {MaxUserMembershipCount} đơn vị tổ chức cho một người dùng!",
    "Volo.Abp.Identity:010003": "Không thể thay đổi mật khẩu của người dùng đã đăng nhập bên ngoài!",
    "Volo.Abp.Identity:010004": "Đã có một đơn vị tổ chức có tên {0}. Hai đơn vị có cùng tên không thể được tạo trong cùng một cấp.",
    "Volo.Abp.Identity:010005": "Vai trò này là cố định không được phép đổi tên.",
    "Volo.Abp.Identity:010006": "Vai trò này là cố định không được phép xóa.",
    "Volo.Abp.Identity:010007": "Bạn không thể thay đổi cài đặt hai yếu tố của mình.",
    "Volo.Abp.Identity:010008": "Không được phép thay đổi cài đặt hai yếu tố.",
    "Identity.OrganizationUnit.MaxUserMembershipCount": "Số lượng thành viên đơn vị tổ chức tối đa được phép cho một người dùng",
    "ThisUserIsNotActiveMessage": "Người dùng này không hoạt động.",
    "Permission:IdentityManagement": "Quản lý danh tính",
    "Permission:RoleManagement": "Quản lý vai trò",
    "Permission:Create": "Tạo",
    "Permission:Edit": "Sửa",
    "Permission:Delete": "Xóa",
    "Permission:ChangePermissions": "Thay đổi quyền",
    "Permission:UserManagement": "Quản lý người dùng",
    "Permission:UserLookup": "Tra cứu người dùng",
    "DisplayName:Abp.Identity.Password.RequiredLength": "Chiều dài yêu cầu",
    "DisplayName:Abp.Identity.Password.RequiredUniqueChars": "Số ký tự duy nhất bắt buộc",
    "DisplayName:Abp.Identity.Password.RequireNonAlphanumeric": "Ký tự không phải chữ và số bắt buộc",
    "DisplayName:Abp.Identity.Password.RequireLowercase": "Ký tự viết thường bắt buộc",
    "DisplayName:Abp.Identity.Password.RequireUppercase": "Ký tự viết hoa bắt buộc",
    "DisplayName:Abp.Identity.Password.RequireDigit": "Chữ số bắt buộc",
    "DisplayName:Abp.Identity.Lockout.AllowedForNewUsers": "Đã bật cho người dùng mới",
    "DisplayName:Abp.Identity.Lockout.LockoutDuration": "Thời gian khóa (giây)",
    "DisplayName:Abp.Identity.Lockout.MaxFailedAccessAttempts": "Số lần truy cập không thành công tối đa",
    "DisplayName:Abp.Identity.SignIn.RequireConfirmedEmail": "Yêu cầu email đã xác nhận",
    "DisplayName:Abp.Identity.SignIn.EnablePhoneNumberConfirmation": "Cho phép người dùng xác nhận số điện thoại của họ",
    "DisplayName:Abp.Identity.SignIn.RequireConfirmedPhoneNumber": "Yêu cầu số điện thoại đã xác nhận",
    "DisplayName:Abp.Identity.User.IsUserNameUpdateEnabled": "Cho phép người dùng thay đổi tên người dùng của họ",
    "DisplayName:Abp.Identity.User.IsEmailUpdateEnabled": "Cho phép người dùng thay đổi địa chỉ email của họ",
    "Description:Abp.Identity.Password.RequiredLength": "Độ dài tối thiểu của mật khẩu phải là.",
    "Description:Abp.Identity.Password.RequiredUniqueChars": "Số lượng ký tự duy nhất tối thiểu mà mật khẩu phải chứa.",
    "Description:Abp.Identity.Password.RequireNonAlphanumeric": "Nếu mật khẩu phải chứa một ký tự không phải chữ và số.",
    "Description:Abp.Identity.Password.RequireLowercase": "Nếu mật khẩu phải chứa ký tự ASCII viết thường.",
    "Description:Abp.Identity.Password.RequireUppercase": "Nếu mật khẩu phải chứa ký tự ASCII viết hoa.",
    "Description:Abp.Identity.Password.RequireDigit": "Nếu mật khẩu phải chứa một chữ số.",
    "Description:Abp.Identity.Lockout.AllowedForNewUsers": "Người dùng mới có thể bị khóa hay không.",
    "Description:Abp.Identity.Lockout.LockoutDuration": "Khoảng thời gian người dùng bị khóa khi xảy ra quá trình khóa.",
    "Description:Abp.Identity.Lockout.MaxFailedAccessAttempts": "Số lần truy cập không thành công được phép trước khi người dùng bị khóa, giả sử tính năng khóa được bật.",
    "Description:Abp.Identity.SignIn.RequireConfirmedEmail": "Địa chỉ email được xác nhận có được yêu cầu để đăng nhập hay không.",
    "Description:Abp.Identity.SignIn.EnablePhoneNumberConfirmation": "Người dùng có thể xác nhận số điện thoại hay không.",
    "Description:Abp.Identity.SignIn.RequireConfirmedPhoneNumber": "Liệu một số điện thoại được xác nhận có được yêu cầu để đăng nhập hay không.",
    "Description:Abp.Identity.User.IsUserNameUpdateEnabled": "Người dùng có thể cập nhật tên người dùng hay không.",
    "Description:Abp.Identity.User.IsEmailUpdateEnabled": "Người dùng có thể cập nhật email hay không."
  }
}