{
  "name": "Volo.CmsKit.Common.Application",
  "hash": "27e4cd5589d7ee7e18baf330b41e0f0d",
  "contents": [
    {
      "namespace": "Volo.CmsKit",
      "contentType": "abpModule",
      "name": "CmsKitCommonApplicationModule"
    },
    {
      "namespace": "Volo.CmsKit.Tags",
      "summary": null,
      "implementingInterfaces": [
        "Volo.CmsKit.Tags.ITagAppService"
      ],
      "contentType": "applicationService",
      "name": "TagAppService"
    },
    {
      "namespace": "Volo.CmsKit.MediaDescriptors",
      "summary": null,
      "implementingInterfaces": [
        "Volo.CmsKit.MediaDescriptors.IMediaDescriptorAppService"
      ],
      "contentType": "applicationService",
      "name": "MediaDescriptorAppService"
    },
    {
      "namespace": "Volo.CmsKit.Blogs",
      "summary": null,
      "implementingInterfaces": [
        "Volo.CmsKit.Blogs.IBlogFeatureAppService"
      ],
      "contentType": "applicationService",
      "name": "BlogFeatureAppService"
    }
  ]
}