{
  "name": "Volo.Abp.Identity.MongoDB",
  "hash": "10ccd7fbaf5a659fd38becd1bc38dbfa",
  "contents": [
    {
      "namespace": "Volo.Abp.Identity.MongoDB",
      "contentType": "abpModule",
      "name": "AbpIdentityMongoDbModule"
    },
    {
      "namespace": "Volo.Abp.Identity.MongoDB",
      "connectionStringName": "AbpIdentity",
      "databaseCollections": [
        {
          "entityFullName": "Volo.Abp.Identity.IdentityClaimType",
          "contentType": "databaseCollection",
          "name": "AbpClaimTypes"
        },
        {
          "entityFullName": "Volo.Abp.Identity.OrganizationUnit",
          "contentType": "databaseCollection",
          "name": "AbpOrganizationUnits"
        },
        {
          "entityFullName": "Volo.Abp.Identity.IdentitySecurityLog",
          "contentType": "databaseCollection",
          "name": "AbpSecurityLogs"
        },
        {
          "entityFullName": "Volo.Abp.Identity.IdentityUser",
          "contentType": "databaseCollection",
          "name": "AbpUsers"
        },
        {
          "entityFullName": "Volo.Abp.Identity.IdentityLinkUser",
          "contentType": "databaseCollection",
          "name": "AbpLinkUsers"
        },
        {
          "entityFullName": "Volo.Abp.Identity.IdentityRole",
          "contentType": "databaseCollection",
          "name": "AbpRoles"
        }
      ],
      "contentType": "mongoDbContext",
      "name": "AbpIdentityMongoDbContext"
    }
  ]
}