{
  "name": "Volo.CmsKit.MongoDB",
  "hash": "a8331c852ae0bbd3c1abf46ba59a3b7a",
  "contents": [
    {
      "namespace": "Volo.CmsKit.MongoDB",
      "contentType": "abpModule",
      "name": "CmsKitMongoDbModule"
    },
    {
      "namespace": "Volo.CmsKit.MongoDB",
      "connectionStringName": "CmsKit",
      "databaseCollections": [
        {
          "entityFullName": "Volo.CmsKit.Tags.Tag",
          "contentType": "databaseCollection",
          "name": "CmsTags"
        },
        {
          "entityFullName": "Volo.CmsKit.Menus.MenuItem",
          "contentType": "databaseCollection",
          "name": "CmsMenuItems"
        },
        {
          "entityFullName": "Volo.CmsKit.Blogs.Blog",
          "contentType": "databaseCollection",
          "name": "CmsBlogs"
        },
        {
          "entityFullName": "Volo.CmsKit.Comments.Comment",
          "contentType": "databaseCollection",
          "name": "CmsComments"
        },
        {
          "entityFullName": "Volo.CmsKit.Blogs.BlogPost",
          "contentType": "databaseCollection",
          "name": "CmsBlogPosts"
        },
        {
          "entityFullName": "Volo.CmsKit.Reactions.UserReaction",
          "contentType": "databaseCollection",
          "name": "CmsUserReactions"
        },
        {
          "entityFullName": "Volo.CmsKit.Pages.Page",
          "contentType": "databaseCollection",
          "name": "CmsPages"
        },
        {
          "entityFullName": "Volo.CmsKit.Users.CmsUser",
          "contentType": "databaseCollection",
          "name": "CmsUsers"
        },
        {
          "entityFullName": "Volo.CmsKit.Ratings.Rating",
          "contentType": "databaseCollection",
          "name": "CmsRatings"
        },
        {
          "entityFullName": "Volo.CmsKit.Tags.EntityTag",
          "contentType": "databaseCollection",
          "name": "CmsEntityTags"
        },
        {
          "entityFullName": "Volo.CmsKit.MediaDescriptors.MediaDescriptor",
          "contentType": "databaseCollection",
          "name": "CmsMediaDescriptors"
        },
        {
          "entityFullName": "Volo.CmsKit.Blogs.BlogFeature",
          "contentType": "databaseCollection",
          "name": "CmsBlogFeatures"
        }
      ],
      "contentType": "mongoDbContext",
      "name": "CmsKitMongoDbContext"
    }
  ]
}